created_at,actor_attributes_login,actor_attributes_gravatar_id
2012-08-07 18:49:32,kenneth,26d29d47243fec2ce36b7f608af2ec05
2012-10-09 12:29:47,weldan,532fcd00d2ce7b78107d4b5e7d468573
2012-05-17 01:16:54,paulsingh,fdd88e6d1edb1a9a8156c7eab2a03157
2012-06-02 12:21:02,frodo81,60dc672b10e746c1b0dda98382f0238f
2013-09-03 06:54:16,zzxadi,48e40ed07b74db8157765b3be7c7eb68
2012-12-08 20:32:07,italoag,225f5673bb6e2b0e4d0f4679151e1222
2012-07-26 15:16:23,Simbyotic,837c2b6d947e9edb6d7beccbbf81ce7a
2013-03-12 04:05:07,captn3m0,620d0eb7fcb87b272b387cf33e4ed314
2012-06-02 12:21:02,frodo81,60dc672b10e746c1b0dda98382f0238f
2012-05-03 18:32:13,Meroje,1e0e67deac417601b3ebb8f530a7f923
2013-10-30 01:52:29,vincentbarr,f41b7c019da67bb267f3d17521127581
2012-08-25 09:05:02,mihaisoloi,00d6c842676ee45d12c5ff42d5fb1f74
2013-02-27 15:23:37,chondur,57f5654fa5ce06a73f94d36fc53b9cf7
2012-04-29 09:09:35,jlwestsr,be041ec275334e9caa6deda1cd6eeb3b
2012-04-13 16:46:37,mlr4,a8196df93a7c9d37464e03c22bbf8f33
2012-05-25 11:05:54,constantinoneto,48fba128061c6f519aa63deaf7e8ff4e
2012-06-01 08:08:12,lgs,9c7d80ebc20ab8994e51b9f7518909ae
2013-04-28 03:14:50,MichaelWiss,19908b84aa4676c8a5c1ffefa909e08f
2013-04-28 03:32:08,gregclinton,c188f080b49077a1fdff747ab841d5f9
2013-04-28 03:52:14,arunenigma,3e6575e906e652911857b38c02d4ec3a
2012-04-15 19:11:29,raysito,16c86f6ca54dab40e15c338a90539992
2012-10-08 19:12:06,willklein,1293f6adbe6e4616c1ea50c3a30bfcbf
2013-05-21 09:45:48,bicherele,dae01e05abd71aa4c44282e35002ba47
2012-08-30 15:40:42,benbien,495eeb5a0dcc6c7793e28d28ad01c395
2013-04-21 14:28:06,sinetris,3d6e548fa413cb093009599b24ff51d6
2013-02-23 19:34:29,bamos,2007e7604430cf1a2848e34be4fe3109
2012-08-31 21:52:49,andrewdc,b75421151f74eec78ba3bab775398a27
2012-05-23 08:50:11,davyjones,a6a40e2b3ee109bb16017e225b0a8c14
2013-04-02 11:48:57,lululai,a52527ff70a58464e04f0972bf5e6128
2013-10-25 16:31:03,ziyangli,36e57bae9e4a160859de398bd26d614a
2012-06-09 13:13:46,Sannis,5d2c97b75b1c346bb2bb6c756b587479
2013-11-14 12:31:51,threejs-cn,01cd71527cd38727b77a3d93e0818e1b
2012-11-15 08:12:32,design48,3ae6de27bfeb80acbecc2587763750d9
2012-05-10 23:00:45,anthonybrown,2af4ea9bb6380b59d05d2b9b6d8112e9
2013-04-29 17:33:12,TheNephalim,b2679230e3023be40d295ca1dec73dd7
2012-07-18 19:06:18,dhulihan,d7e09ccb61a0907084bfb5c05bd3af8b
2012-08-30 15:40:42,benbien,495eeb5a0dcc6c7793e28d28ad01c395
2012-08-25 01:34:58,djShrek,b413f43521ee001167b01ab608a9dc43
2012-08-28 02:45:25,pakchoi,271831596bb3888c9da2e649205cede7
2013-07-24 17:42:13,johnarndt,d41d8cd98f00b204e9800998ecf8427e
2012-04-26 06:44:59,justindocanto,fdb388d81baa2b57440bec4cb94c90f0
2012-09-28 23:47:28,brandonparsons,ff684669b5b5c40aa365d11bd889b519
2012-09-21 05:47:30,bobchow,1df059127b05d00385c48ef56a07c887
2012-04-27 09:10:44,lanqy,886634423e6ea0188f9ac7da2cca5263
2013-09-10 15:50:37,shanghui,0697e18ab5a826960541c208c5cdc790
2012-04-25 06:01:56,oziks,4e04492a4db345a75ea50772d401b9a7
2013-08-30 19:08:03,cancerhermit,9be6dcfe3820b88a23001e4758ca6703
2013-10-08 10:52:05,padillla,1eba6a703a3909f93453641f8136edee
2012-04-29 09:09:35,jlwestsr,be041ec275334e9caa6deda1cd6eeb3b
2012-04-15 09:36:24,Hinc,679849f8d09761833faaa2935d4a6b7a
2012-05-10 23:00:45,anthonybrown,2af4ea9bb6380b59d05d2b9b6d8112e9
2012-09-04 14:10:50,od3n,a38461e0881221f87da40ee2c31c028e
2012-07-13 21:07:44,shawnps,dbeddf6d60f3622c7aced47c131e892b
2012-04-13 16:46:37,mlr4,a8196df93a7c9d37464e03c22bbf8f33
2012-12-11 11:27:53,bigdreamstudio,9e3be6c9d4ceba502f356a070266f59a
2012-08-30 21:19:18,xiaominglui,6fe6a00171aa9fd6648adec63120b428
2013-01-03 15:44:43,csjaba,487684504c90d530bc674ea554acb9c5
2012-04-07 18:20:46,nimbu,5e9bf3cca6e02a41f9d520889a8c6bb9
2012-10-25 09:44:07,meandavejustice,41a8bde5408bd00c48a2800ec5223849
2012-08-12 10:14:21,bernardoantunes,fc2669f76357a4c34874220f16d832dd
2012-12-03 03:03:42,aboutaaron,821e34ba1be557547dd449463ddf4d24
2012-05-10 20:35:34,sciamp,a969d21ffd8784f7643ddc21094f1026
2012-08-25 01:34:58,djShrek,b413f43521ee001167b01ab608a9dc43
2012-08-28 02:45:25,pakchoi,271831596bb3888c9da2e649205cede7
2013-01-23 15:00:55,ramnathv,5cf92204cc3691d9a5155632012d8644
2012-09-07 16:56:16,atomyard,4537238a5c4be5e3e647b3a0038f2c65
2012-06-05 05:18:54,Tassandar,c28921a9c31f19a6973f9ebe1c523ff6
2012-12-02 21:37:00,bongofury,a16db32a1f48b6326d53527bcbbcc185
2012-07-27 06:16:59,gmanley,90c138f8a2c8f417ed34adae25c59652
2013-06-15 20:17:26,tedder,65a46073045999340b7897b16ad7bee1
2013-10-20 09:59:29,Hitata,46ca1c3425e26374509f653e45aa809e
2012-04-18 13:22:34,zx1986,3181e5b8bc041593b6f481f137e461ad
2013-03-03 10:59:12,AbhishekBiswal,0271250f31a4f9e1675570440f857329
2012-08-25 09:05:02,mihaisoloi,00d6c842676ee45d12c5ff42d5fb1f74
2012-04-23 20:53:12,chrisfinazzo,955a3b84c237ea58f3da1a2ac6a618fe
2013-03-15 07:48:14,allengaller,283ab0c880457e8712cda0e2cb5ac54e
2012-09-03 12:53:07,linpengxuan,a00c24a493b727915e9fb403bf29fbe4
2013-07-30 20:09:49,AnnaMarieWoodard,6b4217e8700a8b58bd097c967b0912c1
2013-07-30 09:40:37,ssdr,d861ed42ce3ac76b3ab14494aa7dab09
2012-04-01 01:51:29,volca,cf3c11895649577afd1a7bef4277baf5
2012-04-01 06:15:43,CrazyApi,364381247cce0674fd9ec86907a2f919
2012-07-04 12:17:50,oziks,4e04492a4db345a75ea50772d401b9a7
2012-08-25 09:05:02,mihaisoloi,00d6c842676ee45d12c5ff42d5fb1f74
2012-06-05 01:06:34,alxjrvs,8291618e07fb1a7885ae38827d9bdb5c
2012-04-29 09:09:35,jlwestsr,be041ec275334e9caa6deda1cd6eeb3b
2013-03-10 05:46:16,MrNerverDie,83ce751abd4b5cf94b69d3685d6a5b96
2012-05-17 01:16:54,paulsingh,fdd88e6d1edb1a9a8156c7eab2a03157
2012-12-15 16:06:18,lym,3e92dff716fefa6d7bb7397cf34d4529
2012-08-16 11:52:05,aledista,f53a7cbb2d9d9029119929fa449522ae
2013-03-02 06:59:27,sger,c098688b61bf3d3f2d65d903521b0b1d
2012-10-15 23:19:13,danarbaugh,4549cf66afc5f0b7825e1e8e4cbef27e
2012-11-20 15:38:11,skopp,74c714225754481aabee8ab22408cd2d
2012-11-10 22:35:59,sevendoors,56de317b88afa9abd0e7be5dca4398fa
2012-11-12 05:51:39,revathskumar,fb7edc7cc7a53c903af74d07dcecf9dc
2013-06-17 10:35:03,hayesSwing,de4feb1f74c90e520793f2a1017dea8f
2012-05-27 08:37:47,davidchen007,b213707b2fdedeacf904335b540f1e8f
2012-10-07 23:20:26,jacobmgreer,698330a3618700144fc4f8d1ec481422
2013-10-01 08:56:10,colmarius,90dde59d05e81a23ca419dcec58771a0
2012-04-26 06:44:59,justindocanto,fdb388d81baa2b57440bec4cb94c90f0
2012-04-16 14:05:46,chendeshen,48a6837ef22061c45acb8445a638a6f2
2012-06-09 13:13:46,Sannis,5d2c97b75b1c346bb2bb6c756b587479
2012-07-26 15:16:23,Simbyotic,837c2b6d947e9edb6d7beccbbf81ce7a
2012-08-05 19:04:54,talha131,a64dc93c5a8cd702b7bdfeca9f1a384f
2012-08-05 19:27:47,openpencil,e62d334e0f2e850e1ed3055348f01be5
2013-06-08 00:49:41,allthelucky,c5348de15d806207a9cd1b5f731124d6
2012-12-06 15:14:53,Wilbeibi,94aabece6f52d6c421866d2499cc1d8d
2012-04-16 14:05:46,chendeshen,48a6837ef22061c45acb8445a638a6f2
2013-02-26 13:41:55,linychuo,09abc35606e3d091db0561e9a235eb41
2013-01-26 11:17:34,Dannyzen,47d63e072333451a598d3e9f8ebe9d9a
2012-07-13 21:07:44,shawnps,dbeddf6d60f3622c7aced47c131e892b
2012-07-08 01:53:58,okigan,2759564b35f9c193d10f249fc10e13b3
2012-08-08 05:48:59,enoex,87c4cc25734dad0929929929db4317e0
2012-07-19 23:29:55,patrickt010,69de3badfe38e44e33601cea057dcb81
2012-03-28 17:53:00,jontsai,cf5452e58ff6d7a0248ba304d739964b
2012-08-05 01:33:28,acemir,6f779960511fc1d9425a5b2c1e673dc9
2012-05-17 01:16:54,paulsingh,fdd88e6d1edb1a9a8156c7eab2a03157
2012-04-01 08:02:48,benatkin,70b0265140eaff6e312eb3efcff3c195
2012-05-01 15:20:43,ggamel,c55e8ffc780b229f3190ca59f8e26a3e
2012-03-17 11:01:50,AndreasLezgus,61a89d6be7a24925db9d9c2d8fe6d59c
2012-07-13 04:15:56,chefscott,815f43ae9779a7aa4f7de8947476db4e
2013-01-10 02:16:12,ecchanger,d0c17106655dd31d8d01bfe1c08c03bb
2013-01-25 19:23:46,dhodgkin,6de79f5af7e68d11b1cc7595097ab11b
2012-06-01 08:08:12,lgs,9c7d80ebc20ab8994e51b9f7518909ae
2012-08-19 06:41:51,joshuacrowley,a9756e8d9d765aaa2a0d849b863f3723
2012-11-01 20:27:36,mikkel,85f5416a15c20f3cb35e3fd881d27a04
2012-05-07 11:18:30,Balu-Varanasi,c983180f916c3d18f31effa49a317e9a
2012-05-27 08:37:47,davidchen007,b213707b2fdedeacf904335b540f1e8f
2013-02-21 05:29:41,wohugb,4d7ebb716154905490507f10e8bfd1a3
2012-10-27 09:08:21,gicappa,e60c9fb0c06138b1d6b349f6fb2769f0
2012-03-17 11:01:50,AndreasLezgus,61a89d6be7a24925db9d9c2d8fe6d59c
2012-08-23 01:02:28,boyte,f4fd797529ba09e7af24d1cf79f11dd8
2012-04-15 19:11:29,raysito,16c86f6ca54dab40e15c338a90539992
2012-05-10 20:35:34,sciamp,a969d21ffd8784f7643ddc21094f1026
2012-05-16 02:20:51,haiger,1786d0d8eaec2d2780cc761560a538c9
2012-06-02 12:21:02,frodo81,60dc672b10e746c1b0dda98382f0238f
2012-11-23 20:10:29,cyounes,aa413781a3cc7b265536282483dbe8a0
2012-04-17 17:31:24,ddedden,1dfc11aeed9648676082e030d15d937b
2013-11-07 07:51:09,willard-yuan,ae11c796984a5415726f78a70cd49e1a
2013-07-09 05:28:22,geoggy,295eedb4046fc43cf26f9e2e77f56d9f
2012-07-19 23:29:55,patrickt010,69de3badfe38e44e33601cea057dcb81
2013-11-06 18:06:06,edanhewitt,23fe6fc49fd0e869ed15e7881d2cbe0d
2012-08-23 01:02:28,boyte,f4fd797529ba09e7af24d1cf79f11dd8
2012-03-30 11:48:17,w3ddd,e42d781bda4edce30474e9ce0ef53dfd
2013-07-23 04:42:37,DevSantos,b3ca9f4bbc4d2c627125ae88b9f19ac1
2013-07-22 23:23:25,alinaitkin,c578ef0fd655aaff3ab916fc14bbb01d
2012-05-01 15:20:43,ggamel,c55e8ffc780b229f3190ca59f8e26a3e
2012-10-19 03:33:31,RaphaelIvan,e8d2bdab38ca7a1cb6aac0750966e6e1
2012-08-19 06:41:51,joshuacrowley,a9756e8d9d765aaa2a0d849b863f3723
2012-05-10 20:35:34,sciamp,a969d21ffd8784f7643ddc21094f1026
2012-05-10 23:00:45,anthonybrown,2af4ea9bb6380b59d05d2b9b6d8112e9
2012-05-07 11:18:30,Balu-Varanasi,c983180f916c3d18f31effa49a317e9a
2012-09-26 23:01:08,dwabyick,bad1cdfbeb3d1e64db1a59c8374c2fe5
2013-09-23 05:03:09,vineela12,1760ab7bb74e03d4ba4d373244005705
2013-11-14 06:07:33,shanavaschaliyath,6b66474fe84f0904ddf1c43fa1d201b6
2012-04-07 18:20:46,nimbu,5e9bf3cca6e02a41f9d520889a8c6bb9
2012-04-07 18:55:13,ssriram,a570594ce47509907b7b75c72fe4514c
2013-04-28 22:57:37,barbosha,b44f519b6849eccd26e4ad568167c9d6
2013-04-28 19:12:49,samkohli,d41d8cd98f00b204e9800998ecf8427e
2013-04-28 19:31:32,iepathos,0163b9f584a32057bdb8d31ee43891e0
2013-04-30 01:38:52,alienone,a32ee6850d04cc8f0f4256d522767a44
2013-04-29 08:29:29,zaferOzdogru,790c6cac7cba2036d862ad6b923fe4a0
2013-04-29 08:35:14,mutoulbj,4d7696933613768b1e894ec910c0b9fc
2012-07-18 19:06:18,dhulihan,d7e09ccb61a0907084bfb5c05bd3af8b
2012-08-07 18:49:32,kenneth,26d29d47243fec2ce36b7f608af2ec05
2013-05-06 22:35:40,philoserf,8bf1d396b9a82f9f117ec6c0baf3513a
2012-07-03 07:03:43,jianxioy,9230a8ad4c17d7409da57715ca5bb3c6
2012-04-13 16:46:37,mlr4,a8196df93a7c9d37464e03c22bbf8f33
2012-08-07 06:05:43,jimjh,1f7f6bd37c819ca2e3482155282661e2
2012-04-18 19:08:50,becomingGuru,1d17fab51b9527e3a8f074d52dbddd48
2013-01-23 04:55:07,ghardin,ff8b917f2130c65f1334761de76436da
2013-01-23 14:07:50,alixcan,d850f889463c73bc9e682c5d5f38a218
2012-06-27 22:21:12,taganaka,6bb27dc692d94218892b18f42db265de
2012-08-14 01:05:34,superwyh,b3da5aef0e86e47973703f65b78b7518
2013-06-27 08:48:10,wgx731,7423dcf4785be28fc40bb11329c0ede4
2013-09-18 20:55:06,tigefa4u,6fcda63de411a2c52be42fd1055d63b0
2012-04-17 17:31:24,ddedden,1dfc11aeed9648676082e030d15d937b
2013-05-06 10:29:47,learnsomuch,06293f11fd023e62fa3c41591a581632
2012-07-08 01:53:58,okigan,2759564b35f9c193d10f249fc10e13b3
2012-07-13 04:15:56,chefscott,815f43ae9779a7aa4f7de8947476db4e
2012-07-12 20:06:33,tacheshun,7be7a1cdd675e6c96e1a14b2942b7d56
2012-04-15 19:11:29,raysito,16c86f6ca54dab40e15c338a90539992
2012-04-01 08:02:48,benatkin,70b0265140eaff6e312eb3efcff3c195
2012-09-03 12:53:07,linpengxuan,a00c24a493b727915e9fb403bf29fbe4
2012-04-27 09:10:44,lanqy,886634423e6ea0188f9ac7da2cca5263
2013-09-22 23:48:25,copyleftdev,8002143facddbe9ef0ebc28132e98086
2012-04-01 08:02:48,benatkin,70b0265140eaff6e312eb3efcff3c195
2013-01-10 03:40:56,good122000,a2c56907bfd5551946ec078253781442
2013-10-30 15:43:21,AhmedNadar,cbd5ff0beb1fcfc28ff844110b7add06
2012-08-30 15:40:42,benbien,495eeb5a0dcc6c7793e28d28ad01c395
2012-04-17 17:31:24,ddedden,1dfc11aeed9648676082e030d15d937b
2013-08-30 09:11:38,chuanjin,848d4fa2efa1cab37ccc0badc66c9af4
2012-04-07 18:20:46,nimbu,5e9bf3cca6e02a41f9d520889a8c6bb9
2012-04-07 18:55:13,ssriram,a570594ce47509907b7b75c72fe4514c
2012-08-07 06:05:43,jimjh,1f7f6bd37c819ca2e3482155282661e2
2012-06-27 22:21:12,taganaka,6bb27dc692d94218892b18f42db265de
2012-06-29 14:17:04,cloudify,34f5cb20026e4dec7e627be0a78ab883
2012-06-17 12:54:10,skripted,eadebf2bf096f4e870d18b7c400ea58e
2013-08-06 18:31:54,jackiey99,42615d4f7b5d7a66c7d19d08fea598ab
2012-05-03 18:32:13,Meroje,1e0e67deac417601b3ebb8f530a7f923
2012-06-05 05:18:54,Tassandar,c28921a9c31f19a6973f9ebe1c523ff6
2012-04-01 01:51:29,volca,cf3c11895649577afd1a7bef4277baf5
2012-04-01 06:15:43,CrazyApi,364381247cce0674fd9ec86907a2f919
2012-08-31 21:52:49,andrewdc,b75421151f74eec78ba3bab775398a27
2012-04-26 06:44:59,justindocanto,fdb388d81baa2b57440bec4cb94c90f0
2012-04-26 17:05:58,aravindj,241de4dea3689f7e89ebe5eabd7e6cd4
2012-04-26 17:06:49,aravindj,241de4dea3689f7e89ebe5eabd7e6cd4
2012-06-17 12:54:10,skripted,eadebf2bf096f4e870d18b7c400ea58e
2012-04-15 09:36:24,Hinc,679849f8d09761833faaa2935d4a6b7a
2012-08-30 21:19:18,xiaominglui,6fe6a00171aa9fd6648adec63120b428
2012-04-18 19:08:50,becomingGuru,1d17fab51b9527e3a8f074d52dbddd48
2013-08-17 04:34:13,xxiaohuang,caca53949c006ff36871bf940fa6c68b
2013-06-06 13:53:31,adresty,1067dd506dc7d3168c9ba843d854aabf
2013-02-13 22:13:20,SChamberlain,d9033fa816e09d79e44995e92f025cdd
2012-05-03 18:32:13,Meroje,1e0e67deac417601b3ebb8f530a7f923
2013-05-06 03:43:56,stoneyang,52268bf79a06ec35bf2b1caad571de11
2012-06-30 05:23:09,malachaifrazier,b0e363feaa6bfc546b75336cf22fc7f4
2012-05-25 11:05:54,constantinoneto,48fba128061c6f519aa63deaf7e8ff4e
2012-11-04 03:17:29,jtrim,e09c6ba7b800de4cf1719aa0917374c6
2012-05-22 15:22:38,tjstein,ffea3b14ee099a70ce250b2833c237ce
2012-08-25 01:34:58,djShrek,b413f43521ee001167b01ab608a9dc43
2012-05-09 08:25:14,channikhabra,64ca43b247dfdea829055f71f377893b
2013-01-01 11:48:08,srinathgs,2334347cb9b3d0c7b7fb55f70dad6ab5
2013-04-26 03:41:31,villa0840,8e7b97ee6d4cd48a7d8e662cfd1afbf3
2013-01-22 03:40:40,Winstons,8d0260c68dca6b322c0a9c7cc7258b36
2012-05-07 09:29:43,DMWoodall,df9918af3d6491ece0695962f1dbe28f
2012-05-30 17:27:58,bcomnes,8d8b82740cb7ca994449cccd1dfdef5f
2013-10-02 22:33:32,mekarpeles,7ca82283af0b65b163dde4f5f5e3fb41
2013-09-16 07:45:31,jfelectron,6b22dbc905444c8d3ab5035a8e2e99b3
2013-10-21 09:23:31,gailees,788a6e1ad0fd8306f47397bda8564cf1
2012-07-27 06:16:59,gmanley,90c138f8a2c8f417ed34adae25c59652
2013-02-27 08:38:29,sjy,6288dba27547799267ad06f7ec176b29
2012-06-20 15:22:27,AlperKarapinar,e4166ff1a21e41131ab7196a31877a31
2012-03-28 17:53:00,jontsai,cf5452e58ff6d7a0248ba304d739964b
2013-05-07 03:02:03,fbq,f294a9a259eb90df0a8f3aa6d9a2e092
2012-06-01 08:08:12,lgs,9c7d80ebc20ab8994e51b9f7518909ae
2012-08-14 01:05:34,superwyh,b3da5aef0e86e47973703f65b78b7518
2012-03-30 11:48:17,w3ddd,e42d781bda4edce30474e9ce0ef53dfd
2012-12-09 04:40:35,meandavejustice,2bc14a148fbaf0345f1f1182005f4c76
2013-01-19 07:51:26,konqueror7,fc145763394714e24e5a442f883138f0
2012-08-05 01:33:28,acemir,6f779960511fc1d9425a5b2c1e673dc9
2012-04-26 17:05:58,aravindj,241de4dea3689f7e89ebe5eabd7e6cd4
2012-04-26 17:06:49,aravindj,241de4dea3689f7e89ebe5eabd7e6cd4
2012-06-14 19:46:17,KristinaC,c172cd16d40486b096f1a51fabbb20d9
2013-04-29 00:16:23,treble37,0850656bc13c4eb26f65080ed4da780f
2012-04-18 13:22:34,zx1986,3181e5b8bc041593b6f481f137e461ad
2012-08-16 11:52:05,aledista,f53a7cbb2d9d9029119929fa449522ae
2012-08-25 09:05:02,mihaisoloi,00d6c842676ee45d12c5ff42d5fb1f74
2012-06-14 19:46:17,KristinaC,c172cd16d40486b096f1a51fabbb20d9
2013-03-28 03:16:51,yunfeizu,f85c9da16b92c5156d957d5abf17a4d6
2013-03-28 03:53:41,likebeta,5884cfea2f1e77d7d8697439416268e4
2013-11-15 08:07:28,franklixuefei,1f0d24dbb5f06f3c6976f8187987f1bf
2012-04-07 18:55:13,ssriram,a570594ce47509907b7b75c72fe4514c
2012-04-01 01:51:29,volca,cf3c11895649577afd1a7bef4277baf5
2012-04-01 06:15:43,CrazyApi,364381247cce0674fd9ec86907a2f919
2013-04-18 20:05:48,tqchagas,a9c4116b822d945506b01902434a5a01
2013-04-22 14:00:30,johnking7,0aae5c5fc2123683c70988a5027b282f
2012-11-26 17:59:22,matthodan,b365ad206b50f7ad7fa838aad6fc147b
2012-12-12 18:17:07,patrickwai,6e146092581c0219f5ba2efadabe4e54
2013-01-06 03:06:46,craigkeeling,613d9ff25c8588a50fabd929f2146573
2013-01-23 12:58:17,thejeshgn,4545b2a84b0ae407abc97ad8f23cc28b
2012-06-09 13:13:46,Sannis,5d2c97b75b1c346bb2bb6c756b587479
2013-01-31 07:06:01,jnriver,63a48f908f72de71edef6fbe5c44a58f
2012-04-27 09:10:44,lanqy,886634423e6ea0188f9ac7da2cca5263
2012-06-09 18:16:50,patilchetan,ee147a17ea7575fb482bcda1b0cd0827
2012-08-21 05:51:17,jonathanmarvens,dbc8f6e6a5fc8e04739046d40988108d
2013-11-09 06:03:29,Ming-Zhe,7362532c85a00479d0183e2d7247ab71
2013-01-03 18:03:23,justzx2011,d25cbf1e563ce8b3ab741458aac024eb
2013-04-17 14:29:10,textreme,a97a23421f255ccfded97b5e7077766e
2013-04-07 22:54:06,sachu,24512cadf8f0fbeb5775f24f1f4f85d5
2012-04-23 20:53:12,chrisfinazzo,955a3b84c237ea58f3da1a2ac6a618fe
2012-06-05 05:18:54,Tassandar,c28921a9c31f19a6973f9ebe1c523ff6
2012-08-19 17:35:28,douo,a93a163ecfca0ff96381ee269a9f89af
2012-05-16 02:20:51,haiger,1786d0d8eaec2d2780cc761560a538c9
2012-05-14 03:24:36,punalpatel,6903be00904ef3b30cae31f629396d41
2013-01-18 12:45:04,ManishDubey,42f74f0df920d40e0998cdb7dd68e24a
2012-06-28 13:15:35,openmosix,6c65efef9d3c3c1a746f77bd3193de3a
2012-11-22 12:49:17,tonyyet,788a0660ec7c37fee67d8a5667bb9214
2013-01-17 05:24:48,frabrunelle,a54cd42938107a73a7cac4c9d107cd12
2012-03-28 17:53:00,jontsai,cf5452e58ff6d7a0248ba304d739964b
2012-05-22 15:22:38,tjstein,ffea3b14ee099a70ce250b2833c237ce
2013-01-22 04:59:29,mhaidarh,0949b6f959816ad661cf16ca58ac2760
2013-06-10 04:51:23,VickyFindingtechies,8b6a80de3219eb759984c9c420aa0a5d
2012-08-28 02:45:25,pakchoi,271831596bb3888c9da2e649205cede7
2013-07-12 07:20:29,fordream,83690e2dcd73da5cbbfc2f0ace471f96
2013-03-20 22:48:33,icsnerdics,ef4d381c5831fa6b5ecbafd88710a555
2012-08-10 23:45:36,hulihanapplications,5cde6d68582653c8c4953ff9911263bd
2012-08-19 17:35:28,douo,a93a163ecfca0ff96381ee269a9f89af
2013-05-11 19:33:08,sachu,24512cadf8f0fbeb5775f24f1f4f85d5
2012-09-04 14:10:50,od3n,a38461e0881221f87da40ee2c31c028e
2012-06-29 14:17:04,cloudify,34f5cb20026e4dec7e627be0a78ab883
2012-08-30 15:40:42,benbien,495eeb5a0dcc6c7793e28d28ad01c395
2012-04-18 13:22:34,zx1986,3181e5b8bc041593b6f481f137e461ad
2012-06-05 01:06:34,alxjrvs,8291618e07fb1a7885ae38827d9bdb5c
2012-04-25 06:01:56,oziks,4e04492a4db345a75ea50772d401b9a7
2012-08-08 05:48:59,enoex,87c4cc25734dad0929929929db4317e0
2013-01-07 21:05:50,webmasterkai,8400349899d2de30434af80737a571dd
2013-05-23 03:30:51,chxt6896,0520e6c34f8126e36b51921d3843ff77
2012-05-23 08:50:11,davyjones,a6a40e2b3ee109bb16017e225b0a8c14
2012-05-09 08:25:14,channikhabra,64ca43b247dfdea829055f71f377893b
2012-10-26 02:52:19,felipeclopes,1e08d48f2c4011e254f34dfb457811df
2012-12-26 01:01:32,yobdc,aa46b0b34f3eb7d2adfd4e8cf544aa7a
2012-08-23 01:02:28,boyte,f4fd797529ba09e7af24d1cf79f11dd8
2012-07-03 07:03:43,jianxioy,9230a8ad4c17d7409da57715ca5bb3c6
2012-06-30 05:23:09,malachaifrazier,b0e363feaa6bfc546b75336cf22fc7f4
2012-12-19 17:34:51,random-one,8ee49ee77769b0eea65631a442e4b72e
2012-08-19 06:41:51,joshuacrowley,a9756e8d9d765aaa2a0d849b863f3723
2012-05-07 09:29:43,DMWoodall,df9918af3d6491ece0695962f1dbe28f
2013-07-17 00:20:07,chrisvogt,3e0cd2da42672a768e98a2b0c0617b72
2012-12-04 15:23:26,wooyichao,7449e959866c2fac2dc08bc60534acc4
2012-12-04 15:30:57,wasifhossain,ee1ad96f19198bcb5f9c2b7bf43a431a
2012-04-25 06:01:56,oziks,4e04492a4db345a75ea50772d401b9a7
2013-01-29 10:04:08,v-pravin,34f8a63142ecea08abc29f7246636185
2012-05-30 17:27:58,bcomnes,8d8b82740cb7ca994449cccd1dfdef5f
2013-05-02 15:11:16,Moonlighter,2c09168a16b77ce8ea015dc091f6dfa5
2013-03-03 20:15:41,ciddu,919ecb5126a442ff1af64a2915049ae4
2013-07-04 08:06:59,hazbo,c73aa4dd3ed6475e0867d244e496cd60
2012-12-08 08:39:32,arkokoley,04ce8aa0a75652d7df01a4444bde5426
2012-10-10 21:53:59,alexduros,3e486733c8385a8c7af79d8b8fefbcad
2012-08-05 19:04:54,talha131,a64dc93c5a8cd702b7bdfeca9f1a384f
2012-08-05 19:27:47,openpencil,e62d334e0f2e850e1ed3055348f01be5
2013-07-19 19:47:42,marshallshen,9c0a516ee7ab5c536788d178d76151df
2013-01-16 08:03:38,Hawstein,ee5787675821ab6a0f9ad66796c7f3ad
2012-06-09 18:16:50,patilchetan,ee147a17ea7575fb482bcda1b0cd0827
2012-08-25 01:34:58,djShrek,b413f43521ee001167b01ab608a9dc43
2012-08-28 02:45:25,pakchoi,271831596bb3888c9da2e649205cede7
2012-06-20 15:22:27,AlperKarapinar,e4166ff1a21e41131ab7196a31877a31
2012-05-22 15:22:38,tjstein,ffea3b14ee099a70ce250b2833c237ce
2012-10-11 15:35:33,tc,8c8f227adb759f3eb632bcfe77131b8e
2012-11-15 17:13:32,skripted,eadebf2bf096f4e870d18b7c400ea58e
2012-08-19 06:41:51,joshuacrowley,a9756e8d9d765aaa2a0d849b863f3723
2013-01-08 09:54:49,davinov,53d87cec9fec3602638fafeaf79b9c96
2012-08-19 17:35:28,douo,a93a163ecfca0ff96381ee269a9f89af
2012-09-23 02:40:22,gongzhitaao,2bd0181adeee86f28fe8738f8ffbf9e9
2012-06-09 18:16:50,patilchetan,ee147a17ea7575fb482bcda1b0cd0827
2012-07-04 12:17:50,oziks,4e04492a4db345a75ea50772d401b9a7
2013-04-04 14:39:31,xinghui,012a43438d7ff1956220c800c0d2799e
2012-08-30 21:19:18,xiaominglui,6fe6a00171aa9fd6648adec63120b428
2013-11-09 18:09:21,pmrenaud,26c51f5c24251491c5016334a6505660
2012-08-23 01:02:28,boyte,f4fd797529ba09e7af24d1cf79f11dd8
2013-02-18 15:21:14,chnmessi,eb7ae6d31a3a429b262991738ef93ecb
2012-05-09 08:25:14,channikhabra,64ca43b247dfdea829055f71f377893b
2012-11-02 03:02:57,raymondwanyoike,9437405eb1909ef5f8a1ed0a35f211c1
2012-08-21 05:51:17,jonathanmarvens,dbc8f6e6a5fc8e04739046d40988108d
2012-08-30 21:19:18,xiaominglui,6fe6a00171aa9fd6648adec63120b428
2013-03-21 22:28:02,3lt0n,c68fc478e33c423b61fde45671b94424
2012-05-16 02:20:51,haiger,1786d0d8eaec2d2780cc761560a538c9
2012-05-14 03:24:36,punalpatel,6903be00904ef3b30cae31f629396d41
2012-04-18 19:08:50,becomingGuru,1d17fab51b9527e3a8f074d52dbddd48
2012-04-26 17:05:58,aravindj,241de4dea3689f7e89ebe5eabd7e6cd4
2012-04-26 17:06:49,aravindj,241de4dea3689f7e89ebe5eabd7e6cd4
2012-03-30 11:48:17,w3ddd,e42d781bda4edce30474e9ce0ef53dfd
2012-11-08 04:57:35,alexchicn,acf66434234f9fa7785e80d79d880a54
2013-04-30 22:50:13,LeoAJ,d4e9fa87dd47c856e58ddf24f803a060
2012-05-30 17:27:58,bcomnes,8d8b82740cb7ca994449cccd1dfdef5f
2013-01-22 11:00:03,stefanofontanelli,c929f080f3165f657096348d07bd3fe6
2012-05-01 15:20:43,ggamel,c55e8ffc780b229f3190ca59f8e26a3e
2012-08-19 17:35:28,douo,a93a163ecfca0ff96381ee269a9f89af
2012-05-23 08:50:11,davyjones,a6a40e2b3ee109bb16017e225b0a8c14
2012-12-07 03:35:11,daisygao,b4516e74bc0dce8286554b65ec113468
2012-04-16 14:05:46,chendeshen,48a6837ef22061c45acb8445a638a6f2
2013-01-01 07:14:10,Technommy,368179e74fcf8001f699d69b521de9e1
2012-05-27 08:37:47,davidchen007,b213707b2fdedeacf904335b540f1e8f
2012-05-07 11:18:30,Balu-Varanasi,c983180f916c3d18f31effa49a317e9a
2012-08-10 23:45:36,hulihanapplications,5cde6d68582653c8c4953ff9911263bd
2013-04-29 05:12:51,specc,953d55a8e91460681f8a11855cea16f1
2012-08-21 05:51:17,jonathanmarvens,dbc8f6e6a5fc8e04739046d40988108d
2012-07-12 20:06:33,tacheshun,7be7a1cdd675e6c96e1a14b2942b7d56
2013-04-29 09:20:39,paramk,d41d8cd98f00b204e9800998ecf8427e
2012-03-17 11:01:50,AndreasLezgus,61a89d6be7a24925db9d9c2d8fe6d59c
2012-09-07 16:56:16,atomyard,4537238a5c4be5e3e647b3a0038f2c65
2012-08-21 05:51:17,jonathanmarvens,dbc8f6e6a5fc8e04739046d40988108d
2012-05-25 11:05:54,constantinoneto,48fba128061c6f519aa63deaf7e8ff4e
2013-10-18 23:27:47,nquinlan,f09af4b95a187d2924a86bc0cea23774
2012-04-23 20:53:12,chrisfinazzo,955a3b84c237ea58f3da1a2ac6a618fe
2012-08-12 10:14:21,bernardoantunes,fc2669f76357a4c34874220f16d832dd
2012-06-28 13:15:35,openmosix,6c65efef9d3c3c1a746f77bd3193de3a
2012-04-15 09:36:24,Hinc,679849f8d09761833faaa2935d4a6b7a
2012-06-05 01:06:34,alxjrvs,8291618e07fb1a7885ae38827d9bdb5c
2012-10-27 04:14:39,dahai945,338fc86aa454969a9a5c0264437e9a1f
2012-05-14 03:24:36,punalpatel,6903be00904ef3b30cae31f629396d41
2012-05-07 09:29:43,DMWoodall,df9918af3d6491ece0695962f1dbe28f
